name,province,city,hospital,医院优先级,医生优先级排序,level,faculty,profession
贾建平,北京市,北京市,首都医科大学宣武医院,1,1,三级,神经内科,主任医师
陈生弟,上海市,上海市,上海交通大学医学院附属瑞金医院,1,2,三级,神内科,主任医师
彭丹涛,北京市,北京市,中日友好医院,1,3,三级,神经科,主任医师
罗本燕,浙江省,杭州市,浙江大学医学院附属第一医院,1,4,三级,神经内科,主任医师
章军建,湖北省,武汉市,武汉大学中南医院,1,5,三级,神经内科,主任医师
汪凯,安徽省,合肥市,安徽医科大学第一附属医院,1,6,三级,神经内科,主任医师
谭兰,山东省,青岛市,青岛市市立医院,1,7,三级,神经内科,主任医师
陈晓春,福建省,福州市,福建医科大学附属协和医院,1,9,三级,神经内科,主任医师
肖世富,上海市,上海市,上海市精神卫生中心,1,10,三级,精神科,主任医师
魏翠柏,北京市,北京市,首都医科大学宣武医院,1,11,三级,神经内科,主任医师
王延江,重庆市,重庆市,第三军医大学大坪医院,1,12,三级,神经内科,主任医师
屈秋民,陕西省,西安市,西安交通大学第一附属医院,1,13,三级,神经内科,主任医师
张杰文,河南省,郑州市,河南省人民医院,1,14,三级,神经内科,主任医师
张振馨,北京市,北京市,中国医学科学院北京协和医院,1,15,三级,神经科,主任医师
丁新生,江苏省,南京市,江苏省人民医院,1,17,三级,神经内科门诊,主任医师
周玉颖,天津市,天津市,天津市环湖医院,1,18,三级,神经内科,主任医师
纪勇,北京市,北京市,首都医科大学附属北京天坛医院,1,19,三级,神经病学中心,主任医师
郭起浩,上海市,上海市,上海市第六人民医院,1,20,三级,老年病科,主任医师
唐北沙,湖南省,长沙市,中南大学湘雅医院,1,21,三级,神经内科,主任医师
宁玉萍,广东省,广州市,广州市惠爱医院,1,22,三级,神经内科,主任医师
陈海波,北京市,北京市,北京医院,1,23,三级,神经内科,主任医师
沈璐,湖南省,长沙市,中南大学湘雅医院,1,24,三级,神经内科,主任医师
唐牟尼,广东省,广州市,广州市惠爱医院,1,25,三级,老年精神科,主任医师
于欣,北京市,北京市,北京大学第六医院,1,27,三级,心理咨询,主任医师
洪震,上海市,上海市,复旦大学附属华山医院,1,28,三级,神经内科,主任医师
赵钢,陕西省,西安市,第四军医大学西京医院,1,29,三级,神经内科,主任医师
王荫华,北京市,北京市,北京大学第一医院,1,30,三级,神经内科,主任医师
王丽娟,广东省,广州市,广东省人民医院,1,31,三级,神经科,主任医师
王刚,上海市,上海市,上海交通大学医学院附属瑞金医院,1,32,三级,神内科,主任医师
贾建军,北京市,北京市,解放军总医院,1,34,三级,神经内科,主任医师
赵忠新,上海市,上海市,第二军医大学第二附属医院,1,35,三级,神经内科,主任医师
周爱红,北京市,北京市,首都医科大学宣武医院,1,36,三级,神经内科,副主任医师
张晓君,北京市,北京市,首都医科大学附属北京同仁医院,1,37,三级,神经内科,主任医师
徐运,江苏省,南京市,南京鼓楼医院,1,38,三级,神经内科,主任医师
王玉平,北京市,北京市,首都医科大学宣武医院,1,39,三级,神经内科,主任医师
吕继辉,北京市,北京市,北京老年医院,1,40,三级,精神心理科,主任医师
高晶,北京市,北京市,中国医学科学院北京协和医院,1,41,三级,神经科,主任医师
曹云鹏,辽宁省,沈阳市,中国医科大学附属第一医院,1,42,三级,神经内科,主任医师
郁金泰,上海市,上海市,复旦大学附属华山医院,1,43,三级,神经内科,主任医师
陈彪,北京市,北京市,首都医科大学宣武医院,1,44,三级,神经内科,主任医师
钟春玖,上海市,上海市,复旦大学附属中山医院,1,45,三级,神经内科,主任医师
陈国俊,重庆市,重庆市,重庆医科大学附属第一医院,1,46,三级,神经科,主任医师
何志义,辽宁省,沈阳市,中国医科大学附属第一医院,1,47,三级,神经内科,主任医师
王鲁宁,北京市,北京市,解放军总医院,1,48,三级,神经内科,主任医师
樊东升,北京市,北京市,北京大学第三医院,1,49,三级,神经内科,主任医师
黄晓琳,湖北省,武汉市,华中科技大学同济医学院附属同济医院,1,50,三级,康复科,主任医师
程焱,天津市,天津市,天津医科大学总医院,1,51,三级,神经内科,主任医师
刘春风,江苏省,苏州市,苏州大学附属第二医院,1,52,三级,神经内科,主任医师
孙中武,安徽省,合肥市,安徽医科大学第一附属医院,1,53,三级,神经内科,主任医师
叶钦勇,福建省,福州市,福建医科大学附属协和医院,1,54,三级,神经内科,主任医师
曾进胜,广东省,广州市,中山大学附属第一医院,1,55,三级,神经科,主任医师
黄一宁,北京市,北京市,北京大学第一医院,1,58,三级,神经内科,主任医师
刘勇,江西省,南昌市,江西省人民医院,1,59,三级,病理科,主任医师
吴江,吉林省,长春市,吉林大学第一医院,1,60,三级,神经内科,主任医师
韩璎,北京市,北京市,首都医科大学宣武医院,1,61,三级,神经内科,主任医师
张宝荣,浙江省,杭州市,浙江大学医学院附属第二医院,1,62,三级,神经内科,主任医师
刘昀,上海市,上海市,上海市徐汇区中心医院,1,63,二级,神经内科,
唐毅,北京市,北京市,首都医科大学宣武医院,1,64,三级,神经内科,副主任医师
孙莉,吉林省,长春市,吉林大学第一医院,1,65,三级,神经内科,主任医师
张巍,北京市,北京市,首都医科大学附属北京天坛医院,1,66,三级,老年医学科,主任医师
董强,上海市,上海市,复旦大学附属华山医院,1,67,三级,神经内科,主任医师
贾志荣,北京市,北京市,北京大学第一医院,1,69,三级,神经内科,主任医师
李沫,北京市,北京市,北京老年医院,1,70,三级,神经内科,
彭国平,浙江省,杭州市,浙江大学医学院附属第一医院,1,72,三级,神经内科,副主任医师
田金洲,北京市,北京市,北京中医药大学东直门医院,1,73,三级,脑病三科,主任医师
张金涛,山东省,泰安市,中国人民解放军第88医院,1,74,三级,神经内科,副主任医师
赵辉,江苏省,南京市,南京鼓楼医院,1,75,三级,神经内科,主任医师
涂秋云,湖南省,长沙市,中南大学湘雅三医院,1,76,三级,老年病学科,主任医师
燕铁斌,广东省,广州市,中山大学孙逸仙纪念医院,1,78,三级,康复医学科,主任医师
许秀峰,云南省,昆明市,昆明医科大学第一附属医院,1,79,三级,精神科,主任医师
王任直,北京市,北京市,中国医学科学院北京协和医院,1,80,三级,神经外科,主任医师
彭英,广东省,广州市,中山大学孙逸仙纪念医院,1,81,三级,神经科,主任医师
汤荟冬,上海市,上海市,上海交通大学医学院附属瑞金医院,1,83,三级,神内科,主任医师
牛小媛,山西省,太原市,山西医科大学第一医院,1,84,三级,神经内科,主任医师
王彤,江苏省,南京市,江苏省人民医院,1,85,三级,康复医学科,主任医师
陈炜,浙江省,杭州市,浙江大学医学院附属邵逸夫医院,1,86,三级,精神卫生科,主任医师
晏勇,重庆市,重庆市,重庆医科大学附属第一医院,1,87,三级,神经内科,主任医师
武力勇,北京市,北京市,首都医科大学宣武医院,1,88,三级,神经内科,主任医师
李霞,上海市,上海市,上海市精神卫生中心,1,89,三级,精神科,主任医师
吴云成,上海市,上海市,上海市第一人民医院,1,92,三级,神经内科,主任医师
汪昕,上海市,上海市,复旦大学附属中山医院,1,93,三级,神经内科,主任医师
尹又,上海市,上海市,第二军医大学第二附属医院,1,95,三级,神经内科,副主任医师
焉传祝,山东省,济南市,山东大学齐鲁医院,1,97,三级,神经内科,主任医师
郎森阳,北京市,北京市,解放军总医院,1,99,三级,神经内科,主任医师
梁芙茹,内蒙古自治区,包头市,包头市中心医院,1,101,三级,神经内科,副主任医师
贺电,贵州省,贵阳市,贵州医科大学附属医院,1,102,三级,神经内科,主治医师
乐卫东,辽宁省,大连市,大连医科大学附属第一医院,1,105,三级,神经内科,
张熙,北京市,北京市,解放军总医院,1,106,三级,神经内科,主任医师
任汝静,上海市,上海市,上海交通大学医学院附属瑞金医院,1,107,三级,神内科,副主任医师
周华东,重庆市,重庆市,第三军医大学大坪医院,1,108,三级,神经内科,主任医师
王蓉,北京市,北京市,首都医科大学宣武医院,1,109,三级,,
王佳伟,北京市,北京市,首都医科大学附属北京同仁医院,1,110,三级,神经内科,主任医师
魏文石,上海市,上海市,华东医院,1,111,三级,神经内科,主任医师
刘军,广东省,广州市,中山大学孙逸仙纪念医院,1,112,三级,神经科,主任医师
李华芳,上海市,上海市,上海市精神卫生中心,1,113,三级,精神科,主任医师
贾龙飞,北京市,北京市,首都医科大学宣武医院,1,114,三级,,
赵倩华,上海市,上海市,复旦大学附属华山医院,1,115,三级,神经内科,副主任医师
曾凡,重庆市,重庆市,第三军医大学大坪医院,1,116,三级,神经内科,主治医师
于恩彦,浙江省,杭州市,浙江省人民医院,1,117,三级,精神卫生科,主任医师
潘小平,广东省,广州市,广州市第一人民医院,1,118,三级,神经内科,主任医师
毕晓莹,上海市,上海市,第二军医大学附属长海医院,1,119,三级,神经内科,主任医师
时晶,北京市,北京市,北京中医药大学东直门医院,1,120,三级,脑病三科,主任医师
姚秀卿,重庆市,重庆市,第三军医大学大坪医院,1,121,三级,神经内科,副主任医师
张拥波,北京市,北京市,首都医科大学附属北京友谊医院,1,122,三级,神经内科,主任医师
张朝东,辽宁省,沈阳市,中国医科大学附属第一医院,1,124,三级,神经内科,主任医师
何金彩,浙江省,温州市,温州医科大学附属第一医院,1,125,三级,神经内科,主任医师
赵斌,广东省,湛江市,广东医科大学附属医院,1,126,三级,神经病学,主任医师
黄流清,上海市,上海市,第二军医大学第二附属医院,1,127,三级,神经内科,主任医师
张楠,天津市,天津市,天津医科大学总医院,1,128,三级,神经内科,副主任医师
王华丽,北京市,北京市,北京大学第六医院,1,129,三级,精神科,主任医师
丁艳华,吉林省,长春市,吉林大学第一医院,1,130,三级,干部诊疗科,副主任医师
冯国栋,上海市,上海市,复旦大学附属中山医院,1,131,三级,神经内科,副主任医师
陈阳美,重庆市,重庆市,重庆医科大学附属第二医院,1,133,三级,神经内科,主任医师
王方,上海市,上海市,上海市第十人民医院,1,134,三级,视觉复明临床医学中心,主任医师
薛寿儒,江苏省,苏州市,苏州大学附属第一医院,1,135,三级,神经内科,主任医师
王涛,上海市,上海市,上海市精神卫生中心,1,136,三级,精神科,副主任医师
李红,福建省,福州市,福建省立医院,1,139,三级,中医科,主任医师
马辛,北京市,北京市,首都医科大学附属北京安定医院,1,140,三级,精神科,主任医师
刘尊敬,北京市,北京市,中日友好医院,1,140,三级,神经科,主任医师
徐俊,北京市,北京市,首都医科大学附属北京天坛医院,1,141,三级,神经病学中心,主任医师
石静萍,江苏省,南京市,南京脑科医院,1,143,三级,神经内科,主任医师
陈尚杰,广东省,深圳市,深圳市宝安区人民医院,1,144,三级,特需门诊,主任医师
刘磊,北京市,北京市,首都医科大学附属北京同仁医院,1,144,三级,神经内科,住院医师
王伟,湖北省,武汉市,华中科技大学同济医学院附属同济医院,1,145,三级,神经内科,主任医师
杨建立,天津市,天津市,天津医科大学总医院,1,147,三级,临床心理科,主任医师
胡波,湖北省,武汉市,华中科技大学同济医学院附属协和医院,1,148,三级,神经内科,主任医师
邓娟,重庆市,重庆市,第三军医大学大坪医院,1,149,三级,老年医学体检中心,副主任医师
何俐,四川省,成都市,四川大学华西医院,1,150,三级,神经内科,主任医师 教授
万新华,北京市,北京市,中国医学科学院北京协和医院,1,151,三级,特需神经科门诊,副主任医师
崔丽英,北京市,北京市,中国医学科学院北京协和医院,1,152,三级,神经科,主任医师
张F,湖北省,武汉市,华中科技大学同济医学院附属同济医院,1,152,三级,神经内科,主任医师
王永炎,北京市,北京市,北京中医药大学东直门医院,1,153,三级,神经科,主任医师
刘彩燕,北京市,北京市,中国医学科学院北京协和医院,1,154,三级,神经科,副主任医师
李淑华,北京市,北京市,北京医院,1,157,三级,神经内科,主任医师
聂志余,上海市,上海市,上海市同济医院,1,159,三级,神经内科,主任医师
王铭维,河北省,石家庄市,河北医科大学第一医院,1,161,三级,神经内科,主任医师
张伟,山东省,青岛市,青岛市市立医院,1,162,三级,神经内科,副主任医师
侯德仁,湖南省,长沙市,中南大学湘雅三医院,1,163,三级,神经内科,主任医师
房绍宽,吉林省,长春市,吉林大学第一医院,1,165,三级,神经内科,主任医师
马中富,广东省,广州市,中山大学附属第一医院,1,166,三级,普内科,主任医师
贾延,河南省,郑州市,郑州大学第一附属医院,1,171,三级,神经内科(河医院...,主任医师
吴婷,江苏省,南京市,江苏省人民医院,1,173,三级,神经内科,副主任医师
解恒革,北京市,北京市,解放军总医院,1,174,三级,神经内科,主任医师
陈伟贤,江苏省,南京市,江苏省人民医院,1,175,三级,老年医学科,主任医师
李小凤,重庆市,重庆市,重庆医科大学附属第二医院,1,176,三级,神经内科,主任医师
陶青青,浙江省,杭州市,浙江大学医学院附属第二医院,1,179,三级,神经内科,主治医师
潘晓东,福建省,福州市,福建医科大学附属协和医院,1,180,三级,神经内科,副主任医师
石志鸿,天津市,天津市,天津市环湖医院,1,183,三级,神经内科,主任医师
张振涛,湖北省,武汉市,武汉大学人民医院,1,184,三级,神经内科,主任医师
刘雨辉,重庆市,重庆市,第三军医大学大坪医院,1,185,三级,神经内科,
张晨,上海市,上海市,上海市精神卫生中心,1,186,三级,心理咨询科,副主任医师
余新光,北京市,北京市,解放军总医院,1,187,三级,神经外科,主任医师
任惠,云南省,昆明市,昆明医科大学第一附属医院,1,188,三级,神经内科,主任医师
宋达琳,山东省,青岛市,青岛市市立医院,1,189,三级,老年内科,主任医师
李文杰,北京市,北京市,北京老年医院,1,192,三级,内科,主治医师
柏峰,江苏省,南京市,南京鼓楼医院,1,193,三级,神经内科, 
陈艳杏,浙江省,杭州市,浙江大学医学院附属第二医院,1,194,三级,神经内科,主治医师
冯涛,北京市,北京市,首都医科大学附属北京天坛医院,1,195,三级,神经病学中心,主任医师
关方霞,河南省,郑州市,郑州大学第一附属医院,1,198,三级,,
王学义,河北省,石家庄市,河北医科大学第一医院,1,201,三级,精神卫生科,主任医师
马琪林,福建省,厦门市,厦门大学附属第一医院,1,202,三级,神经内科,主任医师
李晓红,山东省,济南市,济南市中心医院,1,203,三级,神经内科,主任医师
张守字,北京市,北京市,北京老年医院,1,205,三级,精神心理科,主任医师
韩阅,北京市,北京市,首都医科大学宣武医院,1,206,三级,神经内科,主治医师
李海林,江苏省,南京市,南京脑科医院,1,207,三级,精神大科,主任医师
张国成,吉林省,长春市,吉林大学第一医院,1,208,三级,干部病房,主任医师
陶恩祥,广东省,广州市,中山大学孙逸仙纪念医院,1,210,三级,神经科,主任医师
况伟宏,四川省,成都市,四川大学华西医院,1,211,三级,心理卫生中心,教授
李正仪,陕西省,西安市,西安交通大学第一附属医院,1,212,三级,神经内科,主任医师
朱晓蕾,江苏省,南京市,南京鼓楼医院,1,213,三级,,
许志强,重庆市,重庆市,第三军医大学大坪医院,1,214,三级,神经内科,主任医师
杨丽,天津市,天津市,天津医科大学总医院,1,215,三级,神经内科,主任医师
林永忠,辽宁省,大连市,大连医科大学附属第二医院,1,219,三级,神经内科,主任医师
王宝军,内蒙古自治区,包头市,包头市中心医院,1,220,三级,神经内科,主任医师
王培福,北京市,北京市,航天中心医院,1,223,三级,神经内科,主任医师
李亚明,上海市,上海市,华东医院,1,224,三级,中医科,主任医师
尚兰,北京市,北京市,北京回龙观医院,1,225,三级,老年病科,主任医师
徐斌,北京市,北京市,首都医科大学附属复兴医院,1,226,三级,神经内科,主任医师
徐雪,广东省,广州市,中山大学附属第一医院,1,227,三级,神经科,主治医师
马春潮,天津市,天津市,天津市第一中心医院,1,228,三级,神经内科,副主任医师
刘芳,上海市,上海市,上海市第十人民医院,1,230,三级,视觉复明临床医学中心,主任医师
谭云龙,北京市,北京市,北京回龙观医院,1,231,三级,精神科,主任医师
刘海华,北京市,北京市,北京老年医院,1,232,三级,中医科,主治医师
樊永平,北京市,北京市,首都医科大学附属北京天坛医院,1,233,三级,中医科,主任医师
陈仰昆,广东省,东莞市,东莞市人民医院,1,235,三级,神经内科,副主任医师
汪青,河南省,郑州市,河南中医药大学第一附属医院,1,236,三级,肾脏病诊疗中心,副主任医师
李娟,北京市,北京市,北京回龙观医院,1,237,三级,精神科,主任医师
窦万臣,北京市,北京市,中国医学科学院北京协和医院,1,239,三级,神经外科,副主任医师
党伟,陕西省,西安市,西安市精神卫生中心,1,240,三级,精神科,副主任医师
赵性泉,北京市,北京市,首都医科大学附属北京天坛医院,1,242,三级,神经病学中心,主任医师
李晓斌,辽宁省,沈阳市,辽宁中医药大学附属医院,1,246,三级,肿瘤科,主治医师
陈启东,北京市,北京市,首都医科大学附属北京天坛医院,1,248,三级,神经病学中心,主任医师
李颖,四川省,成都市,四川大学华西医院,1,251,三级,老年科,副主任医师 副教授
王翠兰,山东省,济南市,山东大学齐鲁医院,1,252,三级,神经内科,主任医师
孙圣刚,湖北省,武汉市,华中科技大学同济医学院附属协和医院,1,254,三级,神经内科,主任医师
谭燕,广东省,广州市,广州市惠爱医院,1,255,三级,神经内科,主任医师
卢祖能,湖北省,武汉市,武汉大学人民医院,1,256,三级,神经内科,主任医师
刚宝芝,黑龙江省,哈尔滨市,哈尔滨医科大学附属第一医院,1,257,三级,神经内科,主任医师
陈蕾,天津市,天津市,天津市人民医院,1,261,三级,神经内科,主任医师 
李东芳,山西省,太原市,山西医科大学第二医院,1,263,三级,神经内科,主任医师
钟笑梅,广东省,广州市,广州市惠爱医院,1,264,三级,老年精神科,副主任医师
李彬寅,上海市,上海市,上海交通大学医学院附属瑞金医院,1,265,三级,神内科,主治医师
侯乐,广东省,广州市,广州市惠爱医院,1,267,三级,神经内科,主治医师
商慧芳,四川省,成都市,四川大学华西医院,1,268,三级,神经内科,教授
陈玲,江苏省,南京市,南京医科大学第二附属医院,1,271,三级,,
王芳,湖北省,武汉市,华中科技大学同济医学院附属协和医院,1,272,三级,神经内科,主治医师
唐启盛,北京市,北京市,北京中医药大学第三附属医院,1,277,三级,脑病科,主任医师
王芙蓉,湖北省,武汉市,华中科技大学同济医学院附属同济医院,1,278,三级,神经内科,主任医师
邢梦娅,天津市,天津市,天津医科大学总医院,1,280,三级,神经内科,主治医师
郑翔宇,吉林省,长春市,吉林大学第一医院,1,281,三级,神经内科,住院医师
王红星,北京市,北京市,首都医科大学宣武医院,1,284,三级,神经内科,主任医师
姜红燕,云南省,昆明市,昆明医科大学第一附属医院,1,285,三级,精神科,副主任医师
李燕,云南省,昆明市,昆明医科大学第二附属医院,1,286,三级,神经内科,主任医师
赵杰,辽宁省,大连市,大连医科大学附属第一医院,1,287,三级,神经科,主任医师
陈娟,湖北省,武汉市,华中科技大学同济医学院附属同济医院,1,289,三级,神经外科,主治医师
林铮,浙江省,杭州市,浙江大学医学院附属第二医院,1,290,三级,精神科,主任医师
朱奕,江苏省,南京市,江苏省人民医院,1,292,三级,康复医学科,副主任医师
李继来,北京市,北京市,航天中心医院,1,295,三级,神经内科,副主任医师
吴波,四川省,成都市,四川大学华西医院,1,296,三级,神经内科,主任医师 教授
庄晓荣,福建省,厦门市,厦门大学附属中山医院,1,299,三级,神经内科,主任医师
肖劲松,湖北省,武汉市,武汉大学中南医院,1,300,三级,神经内科,主任医师
于士柱,天津市,天津市,天津医科大学总医院,1,436,三级,神经内科,
董碧蓉,四川省,成都市,四川大学华西医院,1,513,三级,老年科,主任医师
韩振蕴,北京市,北京市,北京中医药大学东方医院,1,548,三级,脑病科,副主任医师
姜卫剑,北京市,北京市,中国人民解放军火箭军总医院,1,598,三级,神经介入科,主任医师
张玉梅,北京市,北京市,首都医科大学附属北京天坛医院,1,622,三级,神经病学中心,主任医师
顾平,河北省,石家庄市,河北医科大学第一医院,1,680,三级,神经内科,主任医师
拓西平,上海市,上海市,第二军医大学附属长海医院,1,775,三级,老年病科,主任医师
王赞,吉林省,长春市,吉林大学第一医院,1,841,三级,神经内科,主任医师
张昆南,江西省,南昌市,江西省人民医院,1,844,三级,神经内科,主任医师
朱宏丽,北京市,北京市,解放军总医院,1,870,三级,老年血液科,主任医师
李小鹰,北京市,北京市,解放军总医院,1,872,三级,老年医学科,主任医师
吴世政,青海省,西宁市,青海省人民医院,1,885,三级,神经内科,主任医师
徐一峰,上海市,上海市,上海市精神卫生中心,1,948,三级,精神科,主任医师
冉玉平,四川省,成都市,四川大学华西医院,1,962,三级,特需门诊,主任医师
周春奎,吉林省,长春市,吉林大学第一医院,1,996,三级,神经科,主任医师
杜怡峰,山东省,济南市,山东省立医院（山东省儿童医院）,2,8,三级,神经内科,主任医师
李焰生,上海市,上海市,上海交通大学医学院附属仁济医院,2,16,三级,神经内科,主任医师
张志B,江苏省,南京市,东南大学附属中大医院,2,26,三级,神经内科,主任医师
吕佩源,河北省,石家庄市,河北省人民医院,2,33,三级,神经内科,主任医师
李浩,北京市,北京市,中国中医科学院西苑医院,2,56,三级,中西医结合科,主任医师
张玉莲,天津市,天津市,天津中医药大学第二附属医院,2,57,三级,神经内科,主任医师
毕建忠,山东省,济南市,山东大学第二医院,2,68,三级,神经内科,主任医师
孟新玲,新疆维吾尔自治区,乌鲁木齐市,新疆维吾尔自治区中医医院,2,71,三级,神经内科,主任医师
王韵,北京市,北京市,首都医科大学附属北京朝阳医院,2,77,三级,神经内科,主治医师
石胜良,广西壮族自治区,南宁市,广西医科大学第一附属医院,2,82,三级,神经内科,主任医师
王平,湖北省,武汉市,湖北省中医院,2,90,三级,内分泌专科,主治医师
俳７,辽宁省,沈阳市,中国医科大学附属盛京医院,2,91,三级,神经内科,主任医师
蒋腾,江苏省,南京市,南京市第一医院,2,94,三级,神经内科,副主任医师
贺茂林,北京市,北京市,首都医科大学附属北京世纪坛医院（北京铁路总医院）,2,96,三级,神经内科,主任医师
张敏敏,上海市,上海市,上海市长宁区精神卫生中心,2,98,二级,精神病科,主治医师
陈思路,上海市,上海市,上海市长宁区精神卫生中心,2,100,二级,,
马菲,天津市,天津市,天津市中医药研究院附属医院,2,103,三级,,
孙国杰,广东省,清远市,英德市中医院,2,104,二级,,
谢春明,江苏省,南京市,东南大学附属中大医院,2,123,三级,神经内科,副主任医师
王文君,上海市,上海市,复旦大学附属妇产科医院,2,132,三级,中西医结合科,主任医师
苗建亭,陕西省,西安市,第四军医大学唐都医院,2,137,三级,神经内科,主任医师
张兰,北京市,北京市,首都医科大学附属北京安贞医院,2,138,三级,精神心理科,主任医师
李刚,上海市,上海市,上海市东方医院,2,142,三级,神经内科,主任医师
张国平,北京市,北京市,首都医科大学附属北京世纪坛医院（北京铁路总医院）,2,146,三级,神经内科,主任医师
王晓明,四川省,南充市,川北医学院附属医院,2,155,三级,神经内科,主任医师
李韶,辽宁省,鞍山市,鞍山市肿瘤医院,2,156,三级,内科,副主任医师
王永祥,山东省,济南市,山东省立医院（山东省儿童医院）,2,158,三级,神经内科,
刘念,四川省,南充市,川北医学院附属医院,2,160,三级,,
谢宁,黑龙江省,哈尔滨市,黑龙江中医药大学附属第一医院,2,164,三级,中医内科,
王哲,湖南省,长沙市,中南大学湘雅二医院,2,167,三级,中医科,副主任医师
肖军,四川省,成都市,四川省医学科学院・四川省人民医院,2,169,三级,神经内科,主任医师
耿德勤,江苏省,徐州市,徐州医科大学附属医院,2,170,三级,神经内科,主任医师
张庆娥,北京市,北京市,首都医科大学附属北京安定医院,2,172,三级,精神科,主治医师
葛伟,陕西省,西安市,第四军医大学西京医院,2,177,三级,老年病内科,副主任医师
程灶火,江苏省,无锡市,无锡市精神卫生中心,2,178,三级,心理咨询科,主任医师
窦祖林,广东省,广州市,中山大学附属第三医院,2,181,三级,康复科,主任医师
吴红彦,广东省,深圳市,深圳市罗湖区中医院,2,182,三级,罗湖区医院集团国...,主任医师
第五永长,陕西省,咸阳市,陕西中医药大学附属医院,2,190,三级,脑病科,主任医师
孙林娟,北京市,北京市,中国中医科学院西苑医院,2,191,三级,脑病科,副主任医师
胡海燕,浙江省,温州市,温州医科大学附属第二医院、温州医科大学附属育英儿童医院,2,196,三级,中医科,副主任医师
毛佩贤,北京市,北京市,首都医科大学附属北京安定医院,2,197,三级,精神科,主任医师
李中,广东省,广州市,中山大学附属第六医院,2,199,未定级,神经科,主任医师
焦劲松,河北省,廊坊市,河北燕达医院,2,200,三级,,
李婷,上海市,上海市,上海市长宁区精神卫生中心,2,204,二级,精神科,副主任医师
黄忠仕,广西壮族自治区,百色市,右江民族医学院附属医院,2,209,三级,重症监护室,主治医师 
杨丽,浙江省,杭州市,浙江医院,2,215,三级,,
于顾然,江苏省,南京市,江苏省中医院,2,216,三级,脑病中心,主任医师
方嵘,上海市,上海市,上海交通大学医学院附属瑞金医院北院,2,217,三级,神内门诊,主治医师
李振光,山东省,威海市,威海市立医院,2,218,三级,,
刘雪平,山东省,济南市,山东省立医院（山东省儿童医院）,2,221,三级,神经内科,主任医师
刘亚玲,河北省,石家庄市,河北医科大学第二医院,2,222,三级,神经内科,主任医师
杨娟,上海市,上海市,上海市浦东新区人民医院,2,229,二级,神经内科,主治医师
林伟,江苏省,无锡市,无锡市太湖医院,2,234,二级,神经外科,主治医师 
陈健尔,浙江省,杭州市,浙江中医药大学附属第三医院,2,238,未定级,,
卢进,江苏省,泰州市,泰州市人民医院,2,243,三级,神经内科,副主任医师
黄鑫,北京市,北京市,首都医科大学附属北京潞河医院,2,244,三级,神经内科,住院医师
蔡增林,江苏省,苏州市,苏州科技城医院,2,245,三级,神经内科,主任医师
陈育华,安徽省,合肥市,安徽省立医院,2,245,三级,神经内科,副主任医师 副教授
刘晓林,安徽省,蚌埠市,蚌埠医学院第一附属医院,2,249,三级,神经内科,主任医师
刘广志,北京市,北京市,首都医科大学附属北京安贞医院,2,250,三级,神经内科,主任医师
刘雁,广东省,广州市,中国人民解放军南部战区总医院(原广州军区总医院),2,253,三级,神经内科,主任医师
刘晓伟,江苏省,无锡市,无锡市精神卫生中心,2,258,三级,精神科,主任医师
张宁,河南省,郑州市,郑州市骨科医院,2,259,三级,康复医疗科,住院医师
林宏,陕西省,西安市,第四军医大学唐都医院,2,260,三级,神经内科,主任医师
张春雨,内蒙古自治区,呼和浩特市,内蒙古医科大学附属医院,2,262,三级,神经内科,主任医师
江琴普,河北省,保定市,河北省精神卫生中心,2,266,三级,精神科,主任医师
顾丽华,江苏省,南京市,东南大学附属中大医院,2,269,三级,,
任庆国,江苏省,南京市,东南大学附属中大医院,2,270,三级,神经内科,副主任医师
孙晶,浙江省,温州市,温州医科大学附属第二医院、温州医科大学附属育英儿童医院,2,273,三级,神经内科,主任医师
郭蕾,山西省,太原市,山西中医学院附属医院,2,274,三级,,
崔国红,上海市,上海市,上海交通大学医学院附属第九人民医院,2,275,三级,神经内科,副主任医师
贾玉洁,天津市,天津市,天津中医药大学第一附属医院,2,276,三级,,
施咏梅,江苏省,南京市,东南大学附属中大医院,2,279,三级,神经内科,副主任医师
徐文炜,江苏省,无锡市,无锡市康复医院,2,282,二级,精神科,主任医师
胡亚芳,广东省,广州市,南方医科大学南方医院,2,283,三级,,
李玉凤,河南省,新乡市,新乡医学院第二附属医院,2,288,三级,精神科,主任医师
韦云,北京市,北京市,中国中医科学院西苑医院,2,291,三级,,
徐运启,广东省,广州市,南方医科大学南方医院,2,293,三级,神经内科,副主任医师
李新,天津市,天津市,天津医科大学第二医院,2,294,三级,神经内科,主任医师
冯亚青,河北省,石家庄市,河北省人民医院,2,297,三级,老年病内科,主任医师
唐纯志,广东省,广州市,广州中医药大学第一附属医院,2,298,三级,,
张允岭,北京市,北京市,中国中医科学院西苑医院,2,459,三级,脑病科,主任医师
徐群,上海市,上海市,上海交通大学医学院附属仁济医院,2,508,三级,神经内科,主任医师
陈贵海,安徽省,安徽省巢湖市,安徽医科大学附属巢湖医院,2,654,三级,神经内科,主任医师
张颖冬,江苏省,南京市,南京市第一医院,2,702,三级,神经内科,主任医师
李春波,上海市,上海市,上海市精神卫生中心,1,2,三级,精神科,主任医师
谢鹏,重庆市,重庆市,重庆医科大学附属第一医院,1,2,三级,神经内科,主任医师
郭毅,广东省,深圳市,深圳市人民医院,1,2,三级,神经内科,主任医师
徐江涛,福建省,厦门市,厦门弘爱医院,2,2,三级,神经内科,主任医师
方贻儒,上海市,上海市,上海市精神卫生中心,1,2,三级,精神科,主任医师
陆正齐,广东省,广州市,中山大学附属第三医院,2,2,三级,神经内科,主任医师
冯加纯,吉林省,长春市,吉林大学第一医院,1,2,三级,神经内科,主任医师
于生元,北京市,北京市,解放军总医院,1,2,三级,神经内科,主任医师
刘学源,上海市,上海市,上海市第十人民医院,1,1,三级,神经内科,主任医师
王伊龙,北京市,北京市,首都医科大学附属北京天坛医院,1,2,三级,神经病学中心,主任医师
郭力,河北省,石家庄市,河北医科大学第二医院,2,2,三级,神经内科,主任医师
袁勇贵,江苏省,南京市,东南大学附属中大医院,2,2,三级,心理精神科,主任医师
付剑亮,上海市,上海市,上海市第六人民医院,1,2,三级,神经内科,主任医师
王毅,上海市,上海市,复旦大学附属华山医院,1,2,三级,神经内科,主任医师
李玺,陕西省,西安市,西安交通大学第二附属医院,2,2,三级,干部保健科,主任医师
刘振国,上海市,上海市,上海交通大学医学院附属新华医院,1,2,三级,神经内科,主任医师
张岱,北京市,北京市,北京大学第六医院,1,2,三级,精神科,主任医师
孙永安,北京市,北京市,北京大学第一医院,1,1,三级,神经内科,主任医师
肖波,湖南省,长沙市,中南大学湘雅医院,1,2,三级,神经内科,主任医师
周晓辉,新疆维吾尔自治区,乌鲁木齐市,新疆医科大学第一附属医院,1,2,三级,干部特诊区,主任医师
田仰华,安徽省,合肥市,安徽医科大学第一附属医院,1,2,三级,神经内科,主任医师
屈传强,山东省,济南市,山东省立医院,2,2,三级,神经内科,主任医师
楚兰,贵州省,贵阳市,贵州医科大学附属医院,1,2,三级,神经内科,主任医师
申远,上海市,上海市,上海市第十人民医院,1,2,三级,精神心理科,主任医师
张黎明,黑龙江省,哈尔滨市,哈尔滨医科大学附属第一医院,1,2,三级,神经内科,主任医师
俞卓伟,上海市,上海市,华东医院,1,2,三级,老年病科,主任医师
徐安定,广东省,广州市,暨南大学附属第一医院（广州华侨医院）,2,2,三级,神经内科,主任医师
朱以诚,北京市,北京市,中国医学科学院北京协和医院,1,2,三级,神经科,主任医师
胡文立,北京市,北京市,首都医科大学附属北京朝阳医院,1,2,三级,神经内科,主任医师
薛蓉,天津市,天津市,天津医科大学总医院,1,2,三级,神经内科,主任医师
杨弋,吉林省,长春市,吉林大学第一医院,1,2,三级,神经内科,主任医师
刘鸣,四川省,成都市,四川大学华西医院,1,2,三级,神经内科,教授
彭斌,北京市,北京市,中国医学科学院北京协和医院,1,2,三级,神经科,主任医师
许予明,河南省,郑州市,郑州大学第一附属医院,1,1,三级,神经内科,主任医师
唐洲平,湖北省,武汉市,华中科技大学同济医学院附属同济医院,1,2,三级,神经内科,主任医师
王晓平,上海市,上海市,上海市同仁医院,2,2,二级,神经内科,主任医师
宋鲁平,北京市,北京市,北京博爱医院,2,2,三级,神经内科及神经康...,主任医师
马丽娜,北京市,北京市,首都医科大学宣武医院,1,2,三级,老年病科,主治医师
孙云闯,北京市,北京市,北京大学第一医院,1,1,三级,神经内科,副主任医师
聂坤,广东省,广州市,广东省人民医院,1,2,三级,神经科,主治医师
谭梦姗,山东省,青岛市,青岛市市立医院,1,2,三级,,
陈晓虹,辽宁省,沈阳市,辽宁省人民医院,2,2,三级,神经内科,主任医师
朱榆红,云南省,昆明市,昆明医科大学第二附属医院,1,1,三级,神经内科,主任医师
邓丽影,江西省,南昌市,南昌大学第二附属医院,1,1,三级,神经内科,主任医师
范玉华,广东省,广州市,中山大学附属第一医院,1,2,三级,神经科,主任医师
王永军,广东省,深圳市,深圳市康宁医院,1,2,三级,精神科,副主任医师
张微微,北京市,北京市,陆军总医院西院,1,2,三级,神经内科,主任医师
邓钰蕾,上海市,上海市,上海交通大学医学院附属瑞金医院,1,2,三级,神内科,副主任医师
李林,北京市,北京市,首都医科大学宣武医院,1,2,三级,神经内科,
刘新峰,江苏省,南京市,南京军区南京总医院,2,2,三级,神经内科,主任医师
徐平,贵州省,遵义市,遵义医学院附属医院,1,2,三级,神经内科,主任医师
李红戈,湖北省,武汉市,华中科技大学同济医学院附属协和医院,1,2,三级,神经内科,主任医师
尹昌浩,黑龙江省,牡丹江市,牡丹江医学院附属红旗医院,1,2,三级,神经内科,主任医师
杨东东,四川省,成都市,成都中医药大学附属医院,2,2,三级,神经内科,主任医师
武剑,北京市,北京市,北京清华长庚医院,1,2,三级,神经内科,主任医师
王坚,上海市,上海市,复旦大学附属华山医院,1,2,三级,神经内科,主任医师
林毅,福建省,福州市,福建医科大学附属第一医院,1,2,三级,神经内科,副主任医师
戚晓昆,北京市,北京市,海军总医院,1,2,三级,神经内科,主任医师
徐蔚海,北京市,北京市,中国医学科学院北京协和医院,1,2,三级,神经科,主任医师
田红军,天津市,天津市,天津市安定医院,1,1,三级,普通精神病科,主任医师
王磊,北京市,北京市,中国人民解放军火箭军总医院,1,1,三级,神经内科,主任医师
闫中瑞,山东省,济宁市,济宁市第一人民医院(济宁市第一人民医院高新区分院),2,2,三级,神经内科,主任医师
李月春,内蒙古自治区,包头市,包头市中心医院,1,2,三级,神经内科,主任医师
潘速跃,广东省,广州市,南方医科大学南方医院,2,2,三级,神经内科,主任医师
张小宁,新疆维吾尔自治区,乌鲁木齐市,新疆医科大学第一附属医院,1,1,三级,神经内科,主任医师
陈民,辽宁省,沈阳市,辽宁中医药大学附属医院,1,2,三级,老年病科,主任医师
梁辉,浙江省,杭州市,浙江大学医学院附属第一医院,1,2,三级,神经内科,主任医师
赵维纳,黑龙江省,牡丹江市,牡丹江医学院附属红旗医院,1,1,三级,神经内科,主治医师
陈宝鑫,北京市,北京市,北京中医药大学东方医院,1,1,三级,神经内科,主治医师
王庆松,四川省,成都市,成都军区总医院,2,2,三级,神经内科,主任医师
曹秉振,山东省,济南市,中国人民解放军济南军区总医院,2,2,三级,神经内科,主任医师
龚涛,北京市,北京市,北京医院,1,2,三级,神经内科,主任医师
雷平,天津市,天津市,天津医科大学总医院,1,2,三级,保健医疗部(老年病科),副主任医师
李瑜霞,北京市,北京市,首都医科大学宣武医院,1,2,三级,神经内科,副主任医师
李淑娟,北京市,北京市,首都医科大学附属北京朝阳医院,1,2,三级,神经内科,副主任医师
高芳,北京市,北京市,北京医院,1,2,三级,,
周波,北京市,北京市,解放军总医院,1,2,三级,神经内科,副主任医师
许二赫,北京市,北京市,首都医科大学宣武医院,1,2,三级,神经内科,主任医师
李继梅,北京市,北京市,首都医科大学附属北京友谊医院,1,2,三级,神经内科,主任医师
王小同,浙江省,温州市,温州医科大学附属第二医院、温州医科大学附属育英儿童医院,2,2,三级,神经内科,主任医师
肖哲曼,湖北省,武汉市,武汉大学人民医院,1,2,三级,神经内科,主任医师
冯娟,辽宁省,沈阳市,中国医科大学附属盛京医院,2,2,三级,神经内科,主任医师
钟远,上海市,上海市,上海市第六人民医院,1,2,三级,老年病科,主任医师
张保朝,河南省,南阳市,南阳市中心医院,2,2,三级,神经内科,主任医师
朱爱琴,青海省,西宁市,青海省人民医院,1,1,三级,保健中心,主任医师
丛琳,山东省,济南市,山东省立医院,2,2,三级,神经内科,副主任医师
赵建华,河南省,郑州市,河南省人民医院,1,2,三级,神经内科,主任医师
张玉虎,广东省,广州市,广东省人民医院,1,2,三级,神经科,主任医师
许贤豪,北京市,北京市,北京医院,1,2,三级,神经内科,主任医师
杨渊,湖北省,武汉市,华中科技大学同济医学院附属同济医院,1,2,三级,神经内科,主任医师
罗晓光,广东省,深圳市,深圳市人民医院,1,2,三级,神经内科,主任医师
胡才友,广西壮族自治区,南宁市,广西壮族自治区江滨医院,1,2,三级,神经内科,主任医师
梁战华,辽宁省,大连市,大连医科大学附属第一医院,1,2,三级,神经内科,主任医师
张兆辉,湖北省,武汉市,武汉大学人民医院,1,2,三级,神经内科,主任医师
单培彦,山东省,济南市,山东大学齐鲁医院,1,2,三级,神经内科,主任医师
倪俊,北京市,北京市,中国医学科学院北京协和医院,1,2,三级,神经科,主任医师
李乃静,辽宁省,沈阳市,中国医科大学附属盛京医院,2,2,三级,干诊科,主任医师
滕伟禹,辽宁省,沈阳市,中国医科大学附属第一医院,1,2,三级,神经内科,主任医师
李放,北京市,北京市,首都医科大学附属复兴医院,1,2,三级,干部保健科,主任医师
徐志鹏,湖北省,武汉市,武汉大学中南医院,1,2,三级,神经内科,副主任医师
汤其强,安徽省,合肥市,安徽省立医院,2,2,三级,神经内科,主任医师
张祥建,河北省,石家庄市,河北医科大学第二医院,2,2,三级,神经内科,主任医师
张红菊,河南省,郑州市,河南省人民医院,1,2,三级,神经内科,主任医师
高励,四川省,成都市,成都市第三人民医院,2,2,三级,神经内科,主任医师
黄勇华,北京市,北京市,陆军总医院西院,1,2,三级,神经内科,主任医师
张新卿,北京市,北京市,首都医科大学宣武医院,1,1,三级,神经内科,主任医师
董艳红,河北省,石家庄市,河北省人民医院,2,2,三级,神经内科,主任医师
刘晓加,广东省,广州市,南方医科大学南方医院,2,2,三级,神经内科,主任医师
李新毅,山西省,太原市,山西白求恩医院,2,2,三级,神经内科,主任医师
吴士文,北京市,北京市,解放军总医院第三医学中心(原武警总医院),2,2,三级,神经内科,主任医师
秦斌,北京市,北京市,北京医院,1,2,三级,神经内科,主任医师
束昊,江苏省,南京市,东南大学附属中大医院,2,2,三级,,
吕洋,重庆市,重庆市,重庆医科大学附属第一医院,1,1,三级,老年病科,主任医师
杨宇,湖南省,长沙市,中南大学湘雅二医院,1,1,三级,老年医学科,主任医师
文国强,海南省,海口市,海南省人民医院,2,2,三级,神经内科,主任医师
邹良玉,广东省,深圳市,深圳市人民医院,1,1,三级,神经内科,主任医师
赵洁皓,广东省,广州市,广东省人民医院,1,1,三级,神经科,副主任医师
王建平,河南省,郑州市,郑州大学第一附属医院,1,2,三级,神经内科(郑东院...,主任医师
蔡斌,福建省,福州市,福建医科大学附属第一医院,1,2,三级,神经内科,主任医师
迟松,山东省,青岛市,青岛大学附属医院,1,2,三级,神经内科门诊,副主任医师
张晓玲,浙江省,嘉兴市,嘉兴市第二医院,1,1,三级,神经内科,主任医师
朱飞奇,广东省,深圳市,深圳市罗湖区人民医院,2,2,三级,神经内科,主任医师
王春雪,北京市,北京市,首都医科大学附属北京天坛医院,1,2,三级,神经精神医学与临床心理科,主任医师
郑国庆,浙江省,温州市,温州医科大学附属第二医院、温州医科大学附属育英儿童医院,2,2,三级,神经内科,副主任医师
王建华,河北省,石家庄市,河北省人民医院,2,2,三级,老年病内科,主任医师
姚丽芬,黑龙江省,哈尔滨市,哈尔滨医科大学附属第一医院,1,2,三级,神经内科,主任医师
潘旭东,山东省,青岛市,青岛大学附属医院,1,2,三级,神经内科门诊,主任医师
郑东明,辽宁省,沈阳市,中国医科大学附属盛京医院,2,2,三级,神经内科,主任医师
王毅,天津市,天津市,天津市天津医院,2,2,三级,神经内科,主任医师
杨晓苏,湖南省,长沙市,中南大学湘雅医院,1,2,三级,神经内科,主任医师
赵中,江苏省,苏州市,苏州市立医院,1,2,三级,神经内科,主任医师
徐武华,广东省,广州市,广州市红十字会医院,2,2,三级,神经内科,主任医师
孙晓江,上海市,上海市,上海市第六人民医院,1,2,三级,神经内科,主任医师
商秀丽,辽宁省,沈阳市,中国医科大学附属第一医院,1,2,三级,神经内科,主任医师
何奕涛,广东省,深圳市,深圳市人民医院,1,2,三级,神经内科,副主任医师
王飞,四川省,成都市,成都中医药大学附属医院,2,2,三级,老年/干部科,主任医师
王丽敏,广东省,广州市,广东省人民医院,1,2,三级,神经科,副主任医师
谭盛,广东省,广州市,南方医科大学珠江医院,2,2,三级,神经内科,主任医师
李旭东,北京市,北京市,首都医科大学附属北京天坛医院,1,2,三级,神经病学中心,主任医师
王芬,北京市,北京市,首都医科大学宣武医院,1,2,三级,神经内科,副主任医师
徐恩,广东省,广州市,广州医科大学附属第二医院,2,2,三级,神经内科,主任医师
马建芳,上海市,上海市,上海交通大学医学院附属瑞金医院,1,2,三级,神内科,主任医师
陆璐,北京市,北京市,首都医科大学宣武医院,1,2,三级,神经内科,主治医师
岳卫东,黑龙江省,哈尔滨市,哈尔滨医科大学附属第二医院,2,2,三级,神经四科,副主任医师
朱文宗,浙江省,温州市,温州市中医院,1,1,三级,神经内科,主任医师
秦伟,北京市,北京市,首都医科大学附属北京朝阳医院,1,2,三级,神经内科,副主任医师
陈浩博,广东省,广州市,广州市第一人民医院,1,2,三级,神经内科,副主任医师
任力杰,广东省,深圳市,深圳市第二人民医院,1,1,三级,特诊神经内科,主任医师
崔维珍,山东省,青岛市,青岛市精神卫生中心,2,2,三级,精神科,主任医师
段淑荣,黑龙江省,哈尔滨市,哈尔滨医科大学附属第一医院,1,1,三级,神经内科,主任医师
张云云,上海市,上海市,上海中医药大学附属岳阳中西医结合医院,2,2,三级,神经内科,主任医师
蔡志友,重庆市,重庆市,重庆市人民医院,2,2,三级,神经内科,主任医师 教授
周海燕,上海市,上海市,上海交通大学医学院附属瑞金医院,1,2,三级,神内科,副主任医师
于逢春,北京市,北京市,北京市海淀医院,1,2,三级,神经内科,主任医师
张国华,河北省,石家庄市,河北医科大学第二医院,2,2,三级,神经内科,主任医师
元小冬,河北省,唐山市,开滦总医院,2,2,三级,神经内科,主任医师
马建军,河南省,郑州市,河南省人民医院,1,2,三级,神经内科,主任医师
王润润,河南省,开封市,开封市中心医院,1,2,三级,神经内科,主治医师
刘斌,河北省,唐山市,华北理工大学附属医院,2,2,三级,神经内科,主任医师
钱海蓉,北京市,北京市,海军总医院,1,1,三级,神经内科,主任医师
肖勤,上海市,上海市,上海交通大学医学院附属瑞金医院,1,2,三级,神内科,主任医师
马英,辽宁省,沈阳市,中国医科大学附属盛京医院,2,2,三级,神经内科,主任医师
赵仁亮,山东省,青岛市,青岛大学附属医院,1,1,三级,神经内科门诊,主任医师
徐乐平,江苏省,常州市,常州102医院,2,2,三级,精神病科,副主任医师
冯美江,江苏省,南京市,南京医科大学第二附属医院,1,2,三级,老年医学科,主任医师
肖卫忠,北京市,北京市,北京大学第三医院,1,1,三级,神经内科,主任医师
王德生,黑龙江省,哈尔滨市,哈尔滨医科大学附属第一医院,1,2,三级,神经内科,主任医师
罗勇,贵州省,遵义市,遵义市第一人民医院,2,2,三级,神经内科,主任医师
陈国华,湖北省,武汉市,武汉市中西医结合医院,1,2,三级,神经内科,主任医师
吴卫平,北京市,北京市,解放军总医院,1,2,三级,神经内科,主任医师
孙晓红,辽宁省,沈阳市,中国医科大学附属第四医院,2,2,三级,神经内科,主任医师
郭忠伟,浙江省,杭州市,浙江省立同德医院,1,2,三级,精神卫生科,副主任医师
吴正治,广东省,深圳市,深圳市第二人民医院,1,2,三级,,
李洁,江苏省,苏州市,苏州大学附属第二医院,1,2,三级,神经内科,副主任医师
张萍,北京市,北京市,中国中医科学院西苑医院,2,2,三级,综合科,副主任医师
刘若伟,四川省,南充市,南充市中心医院,1,2,三级,神经内科,副主任医师
何明利,江苏省,连云港市,连云港市第一人民医院,2,2,三级,神经内科,主任医师
毛善平,湖北省,武汉市,武汉大学人民医院,1,1,三级,神经内科,主任医师
邢成名,山东省,青岛市,青岛市市立医院,1,2,三级,神经内科,主任医师
刘世民,江西省,南昌市,江西省人民医院,1,2,三级,神经内科,主治医师
李云霞,上海市,上海市,上海市同济医院,1,1,三级,神经内科,主任医师
高枫,北京市,北京市,北京大学第一医院,1,2,三级,神经内科,主任医师
李芳,辽宁省,锦州市,锦州医科大学附属第一医院,1,2,三级,神经科,主任医师
易正辉,上海市,上海市,上海市精神卫生中心,1,2,三级,精神科,主任医师
王诗男,河北省,廊坊市,河北燕达医院,2,2,三级,神经内科,主治医师
赵敬,黑龙江省,哈尔滨市,哈尔滨医科大学附属第一医院,1,1,三级,神经内科,副主任医师
马强,辽宁省,大连市,大连大学附属中山医院,2,2,三级,神经内科,主任医师
李洪毅,四川省,成都市,成都市第四人民医院,2,2,三级,精神科,副主任医师
周建初,重庆市,重庆市,重庆市精神卫生中心,1,2,三级,精神科,主任医师
熊勇,湖南省,怀化市,怀化市肿瘤医院,2,2,三级,神经内科,主任医师
蒋雨平,上海市,上海市,复旦大学附属华山医院,1,2,三级,神经内科,主任医师
陈中鸣,浙江省,宁波市,宁波市康宁医院,1,2,三级,精神科,主任医师
江泓,湖南省,长沙市,中南大学湘雅医院,1,2,三级,神经内科,主任医师
陈小芬,福建省,龙岩市,龙岩市第三医院,2,2,三级,精神科,主治医师
刘玲,湖北省,武汉市,湖北省中医院,2,2,三级,神经内科,主任医师
周盛年,山东省,济南市,山东大学齐鲁医院,1,2,三级,神经内科,主任医师
左秀美,北京市,北京市,首都医科大学宣武医院,1,2,三级,神经内科,副主任医师
杨红旗,河南省,郑州市,河南省人民医院,1,2,三级,神经内科,主任医师
施海姗,广东省,广州市,广州市惠爱医院,1,2,三级,神经内科,副主任医师
刘江红,北京市,北京市,首都医科大学宣武医院,1,2,三级,神经内科,主任医师
白宏英,河南省,郑州市,郑州大学第二附属医院,2,2,三级,神经内科,主任医师
范学文,宁夏回族自治区,银川市,宁夏医科大学总医院,1,1,三级,神经中心内科,主任医师
李承晏,湖北省,武汉市,武汉大学人民医院,1,2,三级,神经内科,主任医师
艾林,北京市,北京市,首都医科大学附属北京天坛医院,1,2,三级,神经影像中心,主任医师
陈科良,上海市,上海市,复旦大学附属华山医院,1,2,三级,神经内科,住院医师
毕齐,北京市,北京市,首都医科大学附属北京安贞医院,1,2,三级,神经内科,主任医师
刘美霞,北京市,北京市,中国中医科学院西苑医院,2,2,三级,老年科,副主任医师
费玉娥,浙江省,嘉兴市,嘉兴市康慈医院,2,2,未定级,心身疾病科,副主任医师
官俏兵,浙江省,嘉兴市,嘉兴市第二医院,1,2,三级,神经内科,主任医师
郭旭,北京市,北京市,首都医科大学附属北京安贞医院,1,2,三级,神经内科,主治医师
楼之茵,上海市,上海市,上海交通大学医学院附属新华医院,1,2,三级,神经科,主治医师
袁俊亮,北京市,北京市,首都医科大学附属北京朝阳医院,1,2,三级,神经内科,副主任医师
杨谦,陕西省,西安市,陕西省人民医院,1,2,三级,神经内科,主任医师
王春霞,山东省,青岛市,青岛市精神卫生中心,2,2,三级,,
王瑾,陕西省,西安市,西安交通大学第一附属医院,1,2,三级,神经内科,副主任医师
刘佳,北京市,北京市,首都医科大学宣武医院,1,2,三级,神经内科,主治医师
刘艳,四川省,成都市,成都市第三人民医院,2,2,三级,神经内科,主任医师
谭纪萍,北京市,北京市,解放军总医院,1,2,三级,神经内科,副主任医师
邢怡,北京市,北京市,首都医科大学宣武医院,1,2,三级,神经内科,主治医师
朱小群,安徽省,合肥市,安徽医科大学第一附属医院,1,2,三级,神经内科,主任医师
周红,江苏省,南京市,东南大学附属中大医院,2,2,三级,神经内科,主任医师
刘运海,湖南省,长沙市,中南大学湘雅医院,1,2,三级,神经内科,主任医师
周知,北京市,北京市,中日友好医院,1,2,三级,干部医疗科,主治医师
瞿正万,上海市,上海市,上海市浦东新区精神卫生中心,1,2,二级,老年精神科（三林...,主任医师
宋贵军,辽宁省,大连市,大连医科大学附属第二医院,1,1,三级,神经内科,主任医师
张磊,湖北省,武汉市,武汉大学中南医院,1,2,三级,神经内科,主治医师
罗新妮,广东省,广州市,广州市惠爱医院,1,2,三级,精神科,副主任医师
林燕,浙江省,温州市,温州医科大学附属第二医院、温州医科大学附属育英儿童医院,2,2,三级,神经内科,主任医师
于跃怡,北京市,北京市,首都医科大学宣武医院,1,2,三级,神经内科,副主任医师
陈杏丽,浙江省,杭州市,浙江省立同德医院,1,2,三级,老年科,主任医师
徐书雯,广东省,广州市,广东省人民医院,1,2,三级,神经科,主任医师
卜先乐,重庆市,重庆市,第三军医大学大坪医院,1,2,三级,神经内科,主治医师
郭艳娥,北京市,北京市,解放军总医院,1,2,三级,神经内科,主治医师
林勇,浙江省,嘉兴市,嘉兴市康慈医院,2,2,未定级,精神科门诊,主任医师
王延平,广东省,广州市,广州医科大学附属第二医院,2,2,三级,神经内科,主任医师
徐忠信,吉林省,长春市,吉林大学中日联谊医院,1,2,三级,神经内科,主任医师
王瑛,上海市,上海市,上海交通大学医学院附属瑞金医院,1,2,三级,神内科,主任医师
田力,辽宁省,沈阳市,中国医科大学附属盛京医院,2,2,三级,干诊科,副主任医师
张洪,湖北省,武汉市,武汉大学中南医院,1,2,三级,神经内科,主任医师
李冠军,上海市,上海市,上海市精神卫生中心,1,2,三级,精神科,主任医师
程虹,江苏省,南京市,江苏省人民医院,1,2,三级,神经内科,主任医师
王岚,河北省,石家庄市,河北医科大学第一医院,1,2,三级,精神卫生科,副主任医师
顾耘,上海市,上海市,上海中医药大学附属龙华医院,2,2,三级,老年科,主任医师
邓方,吉林省,长春市,吉林大学第一医院,1,2,三级,神经内科,副主任医师
李光来,山西省,太原市,山西医科大学第二医院,1,2,三级,神经内科,主任医师
毛晨晖,北京市,北京市,中国医学科学院北京协和医院,1,2,三级,神经科,主治医师
王振福,北京市,北京市,解放军总医院,1,2,三级,神经内科,主任医师
王琰萍,浙江省,嘉兴市,嘉兴市第二医院,1,2,三级,神经内科,主任医师
廖峥娈,浙江省,杭州市,浙江省人民医院,1,2,三级,精神卫生科,副主任医师
黎佳思,上海市,上海市,第二军医大学附属长海医院,1,1,三级,神经内科,副主任医师
梁庆成,黑龙江省,哈尔滨市,哈尔滨医科大学附属第二医院,2,2,三级,神经内科,主任医师
周俊山,江苏省,南京市,南京市第一医院,2,2,三级,神经内科,主任医师
王爱民,湖南省,长沙市,长沙市第一医院,1,1,三级,神经内科,主任医师
廖鑫鑫,湖南省,长沙市,中南大学湘雅医院,1,2,三级,,
李东升,河南省,郑州市,河南省人民医院,1,2,三级,神经内科,副主任医师
王蔚,江苏省,南京市,江苏省人民医院,1,2,三级,神经内科,副主任医师
张江涛,浙江省,杭州市,浙江省立同德医院,1,2,三级,老年科,副主任医师
柯开富,江苏省,南通市,南通大学附属医院,2,2,三级,神经内科,主任医师
许虹,云南省,昆明市,昆明医科大学第一附属医院,1,2,三级,神经内科,主任医师
王小姗,江苏省,南京市,南京脑科医院,1,1,三级,神经内科,主任医师
刘永红,陕西省,西安市,第四军医大学西京医院,1,2,三级,神经内科,副主任医师
肖卫民,广东省,东莞市,东莞市人民医院,1,2,三级,神经内科,主任医师
盛灿,北京市,北京市,北京华信医院（清华大学第一附属医院）,2,2,三级,,
张卓伯,黑龙江省,哈尔滨市,哈尔滨医科大学附属第四医院,2,2,三级,神经内科,主任医师
杨国帅,海南省,海口市,海口市人民医院,2,2,三级,神经内科,主任医师
闵宝权,北京市,北京市,首都医科大学宣武医院,1,1,三级,神经内科,副主任医师
唐伟,辽宁省,大连市,大连大学附属新华医院,1,1,三级,神经内科,主任医师
安翠霞,河北省,石家庄市,河北医科大学第一医院,1,1,三级,精神卫生科,主任医师
尚延昌,北京市,北京市,解放军总医院,1,2,三级,神经内科,副主任医师
张江,河北省,唐山市,华北理工大学附属医院,2,2,三级,神经内科,主任医师
王滨,江苏省,无锡市,无锡市人民医院,1,1,三级,神经内科,主任医师
林杰,河北省,邯郸市,邯郸市第一医院,1,1,三级,神经内科,主任医师
吴越,江苏省,无锡市,无锡市精神卫生中心,2,2,三级,精神科,主任医师
郝智慧,北京市,北京市,北京老年医院,1,2,三级,,
李锐,陕西省,西安市,陕西省人民医院,1,2,三级,神经内科,主任医师
李永秋,河北省,唐山市,唐山市工人医院,1,1,三级,神经内科,主任医师
王晓丹,天津市,天津市,天津市环湖医院,1,2,三级,,
王盼,天津市,天津市,天津市环湖医院,1,2,三级,,
张力,北京市,北京市,北京老年医院,1,2,三级,精神心理科,主治医师
周国庆,江苏省,南京市,南京军区南京总医院,2,2,三级,神经内科,主任医师
张金彪,山东省,威海市,威海市立医院,2,2,三级,神经内科,副主任医师
高旭光,北京市,北京市,北京大学人民医院,1,2,三级,神经内科,主任医师
殷小平,江西省,九江市,九江学院附属医院,2,2,三级,神经内科,主任医师
宋景贵,河南省,新乡市,新乡医学院第一附属医院,2,2,三级,神经内科,主任医师
郁俊昌,广东省,广州市,广州市惠爱医院,1,2,三级,老年精神科,主治医师
孙琳,上海市,上海市,上海市精神卫生中心,1,1,三级,精神科,副主任医师
郭纪锋,湖南省,长沙市,中南大学湘雅医院,1,2,三级,神经内科,副主任医师
史长河,河南省,郑州市,郑州大学第一附属医院,1,2,三级,神经内科(河医院...,主治医师
梁直厚,湖北省,武汉市,华中科技大学同济医学院附属协和医院,1,1,三级,神经内科,副主任医师
陈敏,湖北省,十堰市,十堰市太和医院,2,2,三级,神经科,副主任医师
张钱林,河南省,郑州市,河南省人民医院,1,2,三级,神经内科,副主任医师
孔伶俐,山东省,青岛市,青岛市精神卫生中心,2,2,三级,精神科,主治医师
张丽,北京市,北京市,首都医科大学宣武医院,1,2,三级,老年病科,主治医师
邹海强,广东省,广州市,中国人民解放军南部战区总医院(原广州军区总医院),1,2,三级,神经内科,副主任医师
马兰,黑龙江省,哈尔滨市,哈尔滨医科大学附属第二医院,2,2,三级,老年病科,主任医师
郭爱华,广东省,广州市,广州市第一人民医院,1,2,三级,神经内科,副主任医师
周雁,北京市,北京市,中国医学科学院北京协和医院,1,2,三级,神经科,主治医师
杨S,江西省,南昌市,江西省人民医院,1,2,三级,神经内科,副主任医师
吴锡林,福建省,福州市,福建医科大学附属协和医院,1,2,三级,神经内科,医师
倪秀石,上海市,上海市,上海市第一人民医院,1,2,三级,老年科,主任医师
吴志英,浙江省,杭州市,浙江大学医学院附属第二医院,1,2,三级,神经内科,主任医师
李清华,广西壮族自治区,桂林市,桂林医学院附属医院,2,2,三级,神经内科,主任医师
张如富,浙江省,杭州市,杭州市中医院,1,2,三级,脑病科,主任医师
张璐,河南省,郑州市,郑州大学第一附属医院,1,2,三级,神经内科,主任医师
葛朝明,甘肃省,兰州市,兰州大学第二医院,2,2,三级,神经内科,主任医师
尹世敏,北京市,北京市,中国人民解放军火箭军总医院,1,2,三级,神经内科,主任医师
徐丽君,江西省,南昌市,南昌大学第二附属医院,1,2,三级,神经内科,主任医师
毕伟,广东省,广州市,暨南大学附属第一医院（广州华侨医院）,2,2,三级,神经内科,主任医师
谈跃,云南省,昆明市,昆明医科大学第二附属医院,1,2,三级,神经内科,主任医师
项正兵,江西省,南昌市,江西省人民医院,1,2,三级,神经内科,副主任医师
李燕飞,河南省,郑州市,郑州大学第一附属医院,1,2,三级,神经内科,主治医师
魏琰,河北省,衡水市,衡水市人民医院,2,2,三级,神经内科,主任医师
潘卫东,上海市,上海市,上海中医药大学附属曙光医院,2,2,三级,脑病科,主任医师
牟鑫,湖北省,潜江市,湖北江汉油田总医院、长江大学附属江汉油田总医院,2,2,三级,老年病科,主治医师
沐楠,广东省,广州市,广州市惠爱医院,1,1,三级,老年精神科,主任医师
郑东,广东省,广州市,广州市惠爱医院,1,2,三级,神经内科,主任医师
王佳贺,辽宁省,沈阳市,中国医科大学附属盛京医院,2,2,三级,干诊科,主任医师
刘学军,山西省,太原市,山西医科大学第一医院,1,2,三级,老年病内科,主任医师
王晗,江苏省,南京市,江苏省中医院,2,2,三级,老年科,主任医师
郭宏伟,湖北省,武汉市,武汉市武昌医院,2,2,二级,神经内科,主任医师
麻琳,山东省,济南市,山东大学齐鲁医院,1,2,三级,神经内科,副主任医师
张素平,广东省,广州市,广州市红十字会医院,2,2,三级,神经内科,主任医师
仇雅菊,浙江省,杭州市,浙江省人民医院,1,2,三级,精神卫生科,主治医师
袁晶,北京市,北京市,中国医学科学院北京协和医院,1,2,三级,神经科,副主任医师
张玉琦,江苏省,无锡市,无锡市精神卫生中心,2,2,三级,精神科,主任医师
陈建平,广东省,广州市,广州市惠爱医院,1,1,三级,老年精神科,副主任医师
母艳蕾,北京市,北京市,北京医院,1,2,三级,神经内科,副主任医师
黄刚,新疆维吾尔自治区,石河子市,石河子大学医学院第一附属医院,2,2,三级,老年病科,副主任医师
王珊,河北省,石家庄市,河北医科大学第二医院,2,2,三级,神经内科,副主任医师
花放,江苏省,徐州市,徐州医科大学附属医院,2,2,三级,神经内科,主任医师
孙一,上海市,上海市,复旦大学附属华山医院,1,2,三级,神经内科,主治医师
连亚军,河南省,郑州市,郑州大学第一附属医院,1,2,三级,神经内科(河医院...,主任医师
余刚,重庆市,重庆市,重庆医科大学附属第一医院,1,2,三级,神经内科,主任医师
谭华,四川省,泸州市,西南医科大学附属医院,2,2,三级,神经内科,副主任医师
董靖德,江苏省,南京市,南京脑科医院,1,2,三级,神经内科,副主任医师
李丹,北京市,北京市,首都医科大学宣武医院,1,1,三级,神经内科,主治医师
杨宇,吉林省,长春市,吉林大学第一医院,1,1,三级,神经内科,副主任医师
张美云,天津市,天津市,天津市人民医院,1,1,三级,神经内科,主任医师
秦虹云,上海市,上海市,上海市浦东新区精神卫生中心,1,2,二级,老年精神科（三林...,副主任医师
李学,河南省,郑州市,河南省人民医院,1,2,三级,神经内科,主任医师
李传玲,江苏省,徐州市,徐州市中心医院,2,2,三级,神经内科,主任医师
李玮,河南省,郑州市,河南省人民医院,1,1,三级,神经内科,主任医师
武一平,河北省,邯郸市,邯郸市第一医院,1,2,三级,神经内科,主任医师
李晓宾,江苏省,徐州市,徐州市中心医院,2,2,三级,神经内科,主任医师
韩海英,广东省,广州市,广州市惠爱医院,1,2,三级,老年精神科,副主任医师
郭春妮,上海市,上海市,上海市第一人民医院,1,1,三级,神经内科,副主任医师
韩颖,河北省,石家庄市,河北医科大学第四医院,2,2,三级,神经内科,主任医师
付锦,黑龙江省,哈尔滨市,哈尔滨医科大学附属第二医院,2,2,三级,神经内科,主任医师
王旭,吉林省,长春市,吉林大学第一医院,1,2,三级,神经内科,主治医师
严家川,重庆市,重庆市,重庆医科大学附属第三医院（捷尔医院）,2,2,三级,神经内科,副主任医师
王文静,安徽省,合肥市,安徽省立医院,2,2,三级,神经内科,主任医师
胡为民,山西省,太原市,山西医科大学第二医院,1,2,三级,神经内科,主任医师
马明明,河南省,郑州市,河南省人民医院,1,1,三级,神经内科,副主任医师
张毅,甘肃省,兰州市,甘肃省人民医院,1,1,三级,神经内科,主任医师
张淑萍,黑龙江省,佳木斯市,佳木斯大学附属第一医院,1,2,三级,神经内科,主任医师
黄若燕,广东省,广州市,广州市惠爱医院,1,2,三级,老年精神科,副主任医师
赵晴,吉林省,长春市,吉林大学中日联谊医院,1,1,三级,神经内科,副主任医师
祖衡兵,上海市,上海市,复旦大学附属金山医院,2,2,三级,神经内科,主任医师
李钦云,北京市,北京市,北京老年医院,1,2,三级,精神心理科,主任医师
任艳,辽宁省,沈阳市,中国医科大学附属第一医院,1,2,三级,神经内科,主任医师
沈和平,浙江省,嘉兴市,嘉兴市第二医院,1,2,三级,脑血管病专科,副主任医师
万宇,山东省,青岛市,青岛市市立医院,1,2,三级,,
蒋超,河南省,郑州市,郑州大学第五附属医院,2,2,三级,神经内科,主任医师
娄季宇,河南省,郑州市,郑州大学第二附属医院,2,2,三级,神经内科,主任医师
罗华,四川省,泸州市,西南医科大学附属医院,2,2,三级,神经内科,主任医师
郑乃智,山东省,青岛市,青岛市市立医院,1,2,三级,神经内科,副主任医师
张克忠,江苏省,南京市,江苏省人民医院,1,1,三级,神经内科,主任医师
周珊珊,安徽省,合肥市,安徽医科大学第一附属医院,1,2,三级,神经内科,副主任医师
谭云飞,浙江省,杭州市,浙江省人民医院,1,2,三级,精神卫生科,副主任医师
李红蕾,浙江省,杭州市,浙江大学医学院附属第二医院,1,1,三级,神经内科,主治医师
姜亚军,江苏省,南京市,江苏省中医院,2,2,三级,脑病中心,主任医师
王璐,河北省,承德市,承德医学院附属医院,2,2,三级,神经内科,副主任医师
燕虹,上海市,上海市,上海市第六人民医院,1,1,三级,老年病科,副主任医师
姚长江,湖北省,荆州市,荆州市中心医院,2,2,三级,神经内科,主任医师
李蔚,上海市,上海市,上海市第六人民医院,1,1,三级,老年病科,副主任医师
王静华,上海市,上海市,上海市精神卫生中心,1,1,三级,精神科,主任医师
周炯,浙江省,杭州市,浙江大学医学院附属第二医院,1,1,三级,神经内科,副主任医师
饶冬萍,广东省,广州市,广州市惠爱医院,1,1,三级,老年精神科,副主任医师
武海燕,北京市,北京市,北京老年医院,1,2,三级,精神心理一科,主治医师
郭艳芹,黑龙江省,牡丹江市,牡丹江医学院附属红旗医院,1,2,三级,神经内科,主任医师
刘定华,江苏省,无锡市,江阴市人民医院,2,2,三级,神经内科,副主任医师
吴君仓,安徽省,合肥市,合肥市第二人民医院,2,2,三级,神经内科,主任医师
孙静,北京市,北京市,民航总医院,2,2,三级,老年病内科,副主任医师
徐格林,江苏省,南京市,南京军区南京总医院,2,2,三级,神经内科,主任医师
晏宁,重庆市,重庆市,重庆医科大学附属大学城医院,2,2,三级,神经内科,副主任医师
陈非,重庆市,重庆市,重庆市精神卫生中心,1,2,三级,,
朱红灿,河南省,郑州市,郑州大学第一附属医院,1,2,三级,神经内科(河医院...,主任医师
谭小林,重庆市,重庆市,重庆市精神卫生中心,1,1,三级,精神科,主任医师
朱祖福,江苏省,无锡市,江阴市人民医院,2,2,三级,神经内科,主任医师
张本恕,天津市,天津市,天津医科大学总医院,1,2,三级,神经内科,主任医师
朱幼玲,安徽省,合肥市,合肥市第一人民医院,2,2,三级,神经内科,主任医师
王飞,江西省,赣州市,赣州市第三人民医院,2,2,三级,精神科,副主任医师
邢岩,北京市,北京市,航空总医院,2,2,三级,神经内科,主任医师
盛宝英,黑龙江省,佳木斯市,佳木斯大学附属第一医院,1,1,三级,神经内科,主任医师
卢丽敏,河北省,邯郸市,邯郸市第一医院,1,2,三级,,
陈科,浙江省,湖州市,湖州市第三人民医院（湖州市精神病医院）,1,1,三级,精神科,副主任医师
邢晓娜,辽宁省,沈阳市,辽宁省人民医院,2,2,三级,神经内科,副主任医师
郝延磊,山东省,济宁市,济宁医学院附属医院,1,2,三级,神经内科,主任医师
杨伟,北京市,北京市,首都医科大学宣武医院,1,2,三级,老年病科,副主任医师
王雁,山东省,青岛市,青岛大学附属医院,1,2,三级,神经内科门诊,主任医师
吴云,黑龙江省,哈尔滨市,哈尔滨医科大学附属第二医院,2,2,三级,神经内科,主任医师
伍星,云南省,昆明市,云南省精神病医院,2,2,未定级,精神科,副主任医师 副教授
董晓柳,河北省,唐山市,唐山市人民医院,2,2,三级,神经内科,主治医师
高燕军,河北省,承德市,承德医学院附属医院,2,2,三级,神经内科,主任医师
朴英善,北京市,北京市,首都医科大学附属北京天坛医院,1,1,三级,老年医学科,主任医师
迟立君,黑龙江省,哈尔滨市,哈尔滨医科大学附属第一医院,1,2,三级,神经内科,主任医师
邓珊,广西壮族自治区,柳州市,柳州市工人医院,2,2,三级,神经科,主治医师
黄光,北京市,北京市,首都医科大学附属复兴医院,1,2,三级,神经内科,主任医师
袁良津,安徽省,安庆市,安庆市立医院,2,2,三级,神经内科,主任医师
周卫东,北京市,北京市,煤炭总医院,1,1,三级,神经内科,主任医师
翟洁敏,陕西省,西安市,西电集团医院（附设第一、二、三门诊）,2,2,三级,神经内科,主治医师
王雪贞,山东省,滨州市,滨州医学院附属医院,1,1,三级,神经内科,副主任医师
梁丽贞,浙江省,杭州市,杭州市第三人民医院,1,2,三级,神经内科,主任医师
张旭,浙江省,温州市,温州医科大学附属第一医院,1,2,三级,神经内科,主任医师
孔庆霞,山东省,济宁市,济宁医学院附属医院,1,2,三级,神经内科,主任医师
张美增,山东省,青岛市,青岛大学附属医院,1,2,三级,神经内科门诊,主任医师
徐耀,江苏省,扬州市,苏北人民医院,1,1,三级,神经内科,主任医师
温世荣,黑龙江省,哈尔滨市,哈尔滨医科大学附属第一医院,1,1,三级,神经内科,副主任医师
徐清,江苏省,无锡市,无锡市精神卫生中心,2,2,三级,精神科,副主任医师
严峰,上海市,上海市,上海市精神卫生中心,1,1,三级,精神科,副主任医师
林翔,上海市,上海市,上海市精神卫生中心,1,1,三级,精神科,主治医师
宋毅军,天津市,天津市,天津医科大学总医院,1,2,三级,神经内科,主任医师
段瑞生,河北省,石家庄市,河北省人民医院,2,2,三级,神经内科,副主任医师
吕渊,广西壮族自治区,南宁市,广西壮族自治区江滨医院,1,2,三级,神经科,主治医师
程启慧,海南省,海口市,海口市人民医院,2,2,三级,神经内科,副主任医师
王金东,山东省,青岛市,青岛市精神卫生中心,2,2,三级,精神科,主治医师
吕占云,山东省,济宁市,济宁医学院附属医院,1,1,三级,神经内科,副主任医师
常履华,云南省,昆明市,昆明医科大学第一附属医院,1,2,三级,神经内科,副主任医师
王国玉,河北省,承德市,承德医学院附属医院,2,2,三级,老年病科,副主任医师
柏华,贵州省,黔南布依族苗族自治州,贵州医科大学第三附属医院,2,2,三级,神经内科,主任医师
李承,重庆市,重庆市,重庆市第九人民医院,2,2,三级,神经内科,主治医师
尹长林,安徽省,合肥市,安徽医科大学第一附属医院,1,1,三级,神经内科,副主任医师
李宝栋,河北省,沧州市,河北省沧州中西医结合医院,1,1,三级,脑病科,副主任医师
李云涛,江苏省,南京市,南京医科大学第二附属医院,1,1,三级,全科医学科,主任医师
温宏峰,北京市,北京市,航天中心医院,1,1,三级,神经内科,主任医师
温仲民,江苏省,苏州市,苏州大学附属第二医院,1,1,三级,神经内科,主任医师
王黎萍,浙江省,绍兴市,绍兴市人民医院,1,1,三级,神经内科,主任医师
周华,江苏省,苏州市,苏州市立医院,1,1,三级,神经内科,副主任医师
王翠,辽宁省,大连市,大连市中心医院,1,1,三级,神经内科,主任医师
李阳,山西省,太原市,山西医科大学第一医院,1,1,三级,神经内科,副主任医师
张菁,北京市,北京市,北京清华长庚医院,1,1,三级,神经内科,副主任医师
鲁雅琴,甘肃省,兰州市,兰州大学第一医院,1,1,三级,神经内科,主任医师
谢海群,广东省,佛山市,佛山市第一人民医院,1,1,三级,神经内科,副主任医师
张为,广西壮族自治区,南宁市,广西壮族自治区江滨医院,1,1,三级,神经内科,主任医师
张丽,上海市,上海市,华东医院,1,1,三级,神经内科,副主任医师
王宇,北京市,北京市,中日友好医院,1,1,三级,神经科,副主任医师
范佳,吉林省,长春市,吉林大学第二医院,1,1,三级,神经内科,主治医师
于明,江苏省,镇江市,江苏大学附属医院,1,1,三级,神经内科,主任医师
乔晋,陕西省,西安市,西安交通大学第一附属医院,1,1,三级,神经内科,主任医师
李华杰,江苏省,常州市,常州市第一人民医院,1,1,三级,神经内科,副主任医师
高长越,重庆市,重庆市,第三军医大学大坪医院,1,1,三级,神经内科,副主任医师
徐德恩,江苏省,无锡市,无锡市第二人民医院,1,1,三级,神经内科,副主任医师
杨志强,北京市,北京市,北京市隆福医院（北京市东城区老年病医院）,1,1,三级,神经内科,副主任医师
汪子琪,四川省,成都市,成都市第五人民医院,1,1,三级,神经内科,主治医师
张景华,辽宁省,沈阳市,中国人民解放军沈阳军区总医院,1,1,三级,神经内科,副主任医师
李涛,北京市,北京市,北京大学第六医院,1,1,三级,精神科,副主任医师
都文渊,河北省,石家庄市,石家庄市中医院,1,1,三级,脑病儿科,主治医师
冯连元,河北省,石家庄市,白求恩和平医院,1,1,三级,神经内科,主任医师
孙治坤,河南省,郑州市,河南省人民医院,1,1,三级,神经内科,副主任医师
苏颖,湖北省,武汉市,华中科技大学同济医学院附属协和医院,1,1,三级,神经内科,副主任医师
郭燕军,北京市,北京市,首都医科大学附属北京友谊医院,1,1,三级,神经内科,主任医师
李伟,山东省,临沂市,临沂市人民医院,1,1,三级,神经内科,副主任医师
王瑞萍,辽宁省,沈阳市,辽宁省金秋医院,1,1,三级,神经内科,主任医师
白静,北京市,北京市,北京大学第一医院,1,1,三级,神经内科,副主任医师
刘萍,浙江省,杭州市,浙江大学医学院附属第一医院,1,1,三级,神经内科,主治医师
吕泽平,北京市,北京市,国家康复辅具研究中心附属康复医院,1,1,二级,神经内科,主任医师
张涛,重庆市,重庆市,第三军医大学大坪医院,1,1,三级,神经内科,副主任医师
周小英,北京市,北京市,北京大学人民医院,1,1,三级,神经内科,副主任医师
任凤飞,内蒙古自治区,包头市,包头市中心医院,1,1,三级,神经科,主治医师
陈龙飞,福建省,福州市,福建医科大学附属第一医院,1,1,三级,神经内科,副主任医师
庄志清,江苏省,扬州市,江苏省扬州五台山医院,1,1,三级,神经内科,主治医师
卢芬,河南省,郑州市,河南省人民医院,1,1,三级,神经内科,主任医师
徐因,河北省,邯郸市,邯郸明仁医院,1,1,二级,脑二科,主任医师
董春波,辽宁省,大连市,大连医科大学附属第一医院,1,1,三级,神经内科,主任医师
陈陵霞,北京市,北京市,北京大学人民医院,1,1,三级,老年科,主任医师
刘海军,贵州省,遵义市,遵义医学院附属医院,1,1,三级,神经内科,副主任医师
张海宁,吉林省,长春市,吉林大学第一医院,1,1,三级,神经内科,副主任医师
程洁,上海市,上海市,上海交通大学医学院附属新华医院,1,1,三级,神经内科,主治医师
张娜,北京市,北京市,首都医科大学附属北京安贞医院,1,1,三级,精神心理科,主治医师
曾红梅,江西省,南昌市,南昌大学第二附属医院,1,1,三级,神经内科,主任医师
张社卿,上海市,上海市,第二军医大学附属长海医院,1,1,三级,神经内科,副主任医师
鲍枫,北京市,北京市,首都医科大学附属北京安定医院,1,1,三级,精神科,副主任医师
谢国民,浙江省,宁波市,宁波市医疗中心李惠利医院,1,1,三级,神经内科,主任医师
田玉玲,山西省,太原市,山西医科大学第一医院,1,1,三级,神经内科,主任医师
张媛媛,山西省,太原市,山西医科大学第一医院,1,1,三级,神经内科,主任医师
王伟良,上海市,上海市,上海市徐汇区中心医院,1,1,二级,神经内科,副主任医师
张临洪,湖北省,武汉市,武汉市中心医院,1,1,三级,神经内科,主任医师
刘赛男,北京市,北京市,解放军总医院,1,1,三级,神经内科,副主任医师
武琪,贵州省,贵阳市,贵州医科大学附属医院,1,1,三级,神经内科,主治医师
孙景波,广东省,广州市,广东省中医院,1,1,三级,脑病内科,主任医师
袁强,四川省,成都市,四川大学华西医院,1,1,三级,神经内科,副主任医师
江琦,上海市,上海市,上海市浦东新区精神卫生中心,1,1,二级,老年精神科（三林...,副主任医师
郑文旭,辽宁省,大连市,大连市友谊医院,1,1,三级,神经内科,主任医师
吴东辉,广东省,深圳市,深圳市康宁医院,1,1,三级,精神科特殊门诊,主任医师
李冬华,北京市,北京市,北京航天总医院,1,1,二级,神经内科,主任医师
王h,北京市,北京市,首都医科大学附属北京朝阳医院,1,1,三级,神经内科,副主任医师
冯梅,广东省,广州市,广东省中医院,1,1,三级,脑病内科,主治医师
易玉新,湖南省,长沙市,中南大学湘雅二医院,1,1,三级,老年医学科,主任医师
安燕芳,江苏省,徐州市,徐州市第一人民医院,1,1,三级,老年病科,主任医师
刘欣,北京市,北京市,北京市中关村医院（中国科学院中关村医院）,1,1,二级,神经内科,副主任医师
孟晓梅,北京市,北京市,北京市海淀医院,1,1,三级,神经内科,副主任医师
吴硕琳,北京市,北京市,首都医科大学附属北京天坛医院,1,1,三级,神经精神医学与临床心理科,副主任医师
洪波,上海市,上海市,上海市精神卫生中心,1,1,三级,精神科,主治医师
严玉宁,上海市,上海市,华东医院,1,1,三级,神经内科,副主任医师
金雅君,浙江省,杭州市,杭州市第七人民医院,1,1,三级,精神科,副主任医师
李熙东,辽宁省,锦州市,锦州医科大学附属第一医院,1,1,三级,神经内科,副主任医师
王雪笠,河北省,石家庄市,白求恩和平医院,1,1,三级,神经内科,主任医师
孙新宇,北京市,北京市,北京大学第六医院,1,1,三级,精神科,主任医师
曲姗,北京市,北京市,北京大学人民医院,1,1,三级,精神科,副主任医师
朱文波,浙江省,宁波市,宁波市康宁医院,1,1,三级,精神科,主任医师
张虹,陕西省,西安市,陕西省人民医院,1,1,三级,神经内科,主任医师
方旭明,贵州省,贵阳市,贵州医科大学附属医院,1,1,三级,神经内科,副主任医师
江汉秋,北京市,北京市,首都医科大学附属北京同仁医院,1,1,三级,神内门诊,副主任医师
王梅平,福建省,福州市,福建省老年医院,1,1,二级,神经内科,主任医师
李瑾,浙江省,杭州市,杭州市中医院,1,1,三级,老年病科,主任医师
王双艳,广东省,广州市,广州市第一人民医院,1,1,三级,老年病科,主治医师
黄树其,上海市,上海市,第二军医大学第二附属医院,1,1,三级,神经内科,副主任医师
章迎春,浙江省,杭州市,浙江大学医学院附属邵逸夫医院,1,1,三级,精神卫生科,副主任医师
唐煜,北京市,北京市,首都医科大学附属复兴医院,1,1,三级,神经科,主治医师
夏磊,江苏省,淮安市,淮安市第一人民医院,1,1,三级,神经内科,副主任医师
葛美,贵州省,贵阳市,贵阳市第二人民医院,1,1,三级,神经内科,主任医师
汪桂青,河南省,郑州市,郑州市中心医院,1,1,三级,神经内科,副主任医师
赵忠,云南省,昆明市,云南省第一人民医院,1,1,三级,神经内科,主治医师
蒋国红,贵州省,遵义市,遵义医学院附属医院,1,1,三级,神经内科门诊,主任医师
严雅萍,浙江省,杭州市,浙江大学医学院附属第二医院,1,1,三级,神经内科,副主任医师
陈以丽,云南省,大理白族自治州,大理白族自治州人民医院,1,1,三级,神经内科,主治医师
耿尚勇,内蒙古自治区,包头市,包头市中心医院,1,1,三级,神经科,副主任医师
赵明学,浙江省,杭州市,杭州市第七人民医院,1,1,三级,精神科,副主任医师
曹岩菁,浙江省,杭州市,杭州市第三人民医院,1,1,三级,神经内科,副主任医师
王锐,北京市,北京市,北京市隆福医院（北京市东城区老年病医院）,1,1,三级,神经内科,主任医师
贺建华,北京市,北京市,首都医科大学附属北京安贞医院,1,1,三级,神经内科,主任医师
任庆华,广东省,江门市,江门市人民医院,1,1,三级,神经内科,主任医师
王凯,北京市,北京市,中国人民解放军第305医院,1,1,三级,神经内科,主任医师
黄小红,江西省,九江市,九江市第一人民医院,1,1,三级,神经内科,主任医师
刘娜,北京市,北京市,北京大学第三医院,1,1,三级,神经内科,主任医师
刘文娜,北京市,北京市,北京中医药大学东方医院,1,1,三级,脑病科,主任医师
宋云,山东省,济南市,山东省千佛山医院,1,1,三级,神经内科,副主任医师
王辉,江苏省,苏州市,苏州大学附属第一医院,1,1,三级,神经内科,副主任医师
潘丹红,上海市,上海市,上海市浦东医院,1,1,二级,神经内科,副主任医师
钟欣,青海省,西宁市,青海省人民医院,1,1,三级,老年科,主任医师
冼易平,江苏省,扬州市,江苏省扬州五台山医院,1,1,三级,老年病科,主任医师
于小琪,广东省,广州市,广州市第一人民医院,1,1,三级,老年病科,主治医师
邓艳梅,北京市,北京市,北京市丰台中西医结合医院,1,1,三级,脑病科,副主任医师
刘庆新,山东省,滨州市,滨州医学院附属医院,1,1,三级,神经内科,主任医师
黄爱明,江苏省,扬州市,江苏省扬州五台山医院,1,1,三级,老年病科,主任医师
何洋,北京市,北京市,北京大学人民医院,1,1,三级,神经内科,主治医师
陈婕,上海市,上海市,复旦大学附属中山医院,1,1,三级,神经内科,主任医师
张立,辽宁省,沈阳市,辽宁中医药大学附属医院,1,1,三级,老年病科,主治医师
刘荧,北京市,北京市,北京市中关村医院（中国科学院中关村医院）,1,1,二级,神经内科,主治医师
尹小健,广东省,湛江市,广东医科大学附属医院,1,1,三级,神经病学,主任医师
王全保,山东省,临沂市,临沂市人民医院,1,1,三级,神经内科,副主任医师
朱颖,江苏省,镇江市,江苏大学附属医院,1,1,三级,神经内科,主任医师
张弥兰,河南省,郑州市,河南省人民医院,1,1,三级,神经内科,主治医师
白鹰,辽宁省,大连市,大连大学附属新华医院,1,1,三级,神经内科,主任医师
陈旭辉,广东省,深圳市,北京大学深圳医院,1,1,三级,神经内科,主治医师
赵雪玲,河北省,邯郸市,邯郸明仁医院,1,1,二级,中医科,主治医师
卓文燕,广东省,珠海市,珠海市人民医院,1,1,三级,名医神经内科,主任医师
葛宇松,辽宁省,大连市,大连医科大学附属第二医院,1,1,三级,神经内科,主任医师
李鹤,黑龙江省,哈尔滨市,哈尔滨医科大学附属第一医院,1,2,三级,神经内科,副主任医师
黄郁玲,青海省,西宁市,青海省人民医院,1,1,三级,老年病科,副主任医师
王卫平,浙江省,金华市,金华市第二医院,1,1,三级,精神科,副主任医师
郑静红,广东省,中山市,中山市人民医院(中山大学附属中山医院),1,1,三级,神经内科,副主任医师
沈明,北京市,北京市,北京大学人民医院,1,1,三级,神经内科,副主任医师
贾岩,吉林省,吉林市,吉林市人民医院,1,1,三级,神经内科,主任医师
沈伟,湖北省,武汉市,武汉市第四医院、武汉市普爱医院、武汉市骨科医院,1,1,未定级,神经内科,主任医师
张晖,北京市,北京市,北京大学第三医院,1,1,三级,神经内科,副主任医师
刘志蓉,浙江省,杭州市,浙江大学医学院附属第二医院,1,1,三级,神经内科,副主任医师
谢飞,浙江省,杭州市,杭州市第七人民医院,1,1,三级,精神科,主任医师
苏燕玲,北京市,北京市,北京市房山区良乡医院,1,1,三级,神经内科,主任医师
吴小三,安徽省,合肥市,安徽医科大学第二附属医院,1,1,三级,神经内科,副主任医师
张侃,浙江省,杭州市,浙江大学医学院附属第一医院,1,1,三级,神经内科,副主任医师
李秋实,辽宁省,锦州市,锦州医科大学附属第一医院,1,1,三级,神经内科,主治医师
曹阳光,浙江省,杭州市,杭州市第七人民医院,1,1,三级,精神科,主治医师
李宝梅,浙江省,杭州市,杭州市第七人民医院,1,1,三级,精神科,主治医师
张滢,浙江省,杭州市,浙江省立同德医院,1,1,三级,精神卫生科,副主任医师
俞波,浙江省,金华市,金华市第二医院,1,1,三级,老年病科,副主任医师
吴林,山东省,日照市,日照市人民医院,1,1,三级,神经内科,主治医师
李青,云南省,昆明市,昆明市中医医院,1,1,未定级,干疗科,主任医师
李剑鹏,福建省,厦门市,厦门大学附属第一医院,1,1,三级,神经内科,主任医师
张红梅,山东省,济南市,济南市第四人民医院,1,1,三级,神经内科,主任医师
李雪梅,北京市,北京市,解放军总医院,1,1,三级,神经内科,副主任医师
马荣,广东省,东莞市,东莞市人民医院,1,1,三级,神经内科,主任医师
杨斌,福建省,福州市,福州市中医院,1,1,三级,脑部（神志病）科,主任医师
吴家顺,湖北省,武汉市,武汉市中西医结合医院,1,1,三级,神经内科,副主任医师
冯波,山东省,滨州市,滨州医学院附属医院,1,1,三级,神经内科,副主任医师
杨伊姝,北京市,北京市,首都医科大学附属北京友谊医院,1,1,三级,神经内科,副主任医师
范洋溢,北京市,北京市,北京大学人民医院,1,1,三级,神经内科,主治医师
赵兆兰,江苏省,扬州市,江苏省扬州五台山医院,1,1,三级,老年病科,副主任医师
孙宏春,广东省,珠海市,珠海市人民医院,1,1,三级,神经内科门诊,主任医师
刘文广,浙江省,温州市,温州康宁医院,1,1,三级,老年精神科(记忆...,副主任医师
吕宣新,北京市,北京市,首都医科大学附属北京康复医院（北京工人疗养院）,1,1,三级,神经内科,副主任医师
林凯,北京市,北京市,北京大学第六医院,1,1,三级,精神科,副主任医师
李航,辽宁省,大连市,大连市友谊医院,1,1,三级,神经内一科,主治医师
周俊超,河南省,郑州市,郑州人民医院,1,1,三级,神经内科,主治医师
高永英,宁夏回族自治区,银川市,宁夏回族自治区人民医院,1,1,三级,神经内科,副主任医师
王立平,云南省,大理白族自治州,大理白族自治州人民医院,1,1,三级,神经科,主任医师
孔亚婷,湖北省,宜昌市,宜昌市中心人民医院,1,1,三级,老年病内科,主任医师
边红,山东省,济南市,济南市中心医院,1,1,三级,神经内科,副主任医师
石志敏,宁夏回族自治区,银川市,宁夏回族自治区人民医院,1,1,三级,神经内科,主任医师
沈鸿婷,广东省,广州市,广东省中医院,1,1,三级,内科,主治医师
